304.jpg,person
229.jpg,person
574.jpg,person
488.jpg,person
221.jpg,person
153.jpg,person
470.jpg,person
289.jpg,person
397.jpg,person
273.jpg,person
551.jpg,person
298.jpg,person
226.jpg,person
524.jpg,person
138.jpg,person
240.jpg,person
181.jpg,person
544.jpg,person
316.jpg,person
433.jpg,person
331.jpg,person
147.jpg,person
265.jpg,person
148.jpg,person
439.jpg,person
161.jpg,person
296.jpg,person
321.jpg,person
079.jpg,person
429.jpg,person
386.jpg,person
259.jpg,person
260.jpg,person
464.jpg,person
329.jpg,person
103.jpg,person
565.jpg,person
538.jpg,person
375.jpg,person
556.jpg,person
117.jpg,person
219.jpg,person
564.jpg,person
584.jpg,person
383.jpg,person
335.jpg,person
146.jpg,person
078.jpg,person
049.jpg,person
292.jpg,person
306.jpg,person
435.jpg,person
002.jpg,person
164.jpg,person
073.jpg,person
540.jpg,person
213.jpg,person
004.jpg,person
175.jpg,person
373.jpg,person
428.jpg,person
173.jpg,person
150.jpg,person
598.jpg,person
158.jpg,person
080.jpg,person
019.jpg,person
536.jpg,person
473.jpg,person
416.jpg,person
018.jpg,person
277.jpg,person
171.jpg,person
104.jpg,person
348.jpg,person
003.jpg,person
423.jpg,person
159.jpg,person
443.jpg,person
311.jpg,person
177.jpg,person
366.jpg,person
444.jpg,person
572.jpg,person
372.jpg,person
587.jpg,person
248.jpg,person
021.jpg,person
514.jpg,person
454.jpg,person
198.jpg,person
110.jpg,person
535.jpg,person
045.jpg,person
186.jpg,person
180.jpg,person
035.jpg,person
220.jpg,person
140.jpg,person
532.jpg,person
301.jpg,person
261.jpg,person
113.jpg,person
130.jpg,person
155.jpg,person
507.jpg,person
042.jpg,person
239.jpg,person
122.jpg,person
162.jpg,person
462.jpg,person
430.jpg,person
458.jpg,person
266.jpg,person
200.jpg,person
116.jpg,person
206.jpg,person
204.jpg,person
126.jpg,person
363.jpg,person
549.jpg,person
346.jpg,person
485.jpg,person
086.jpg,person
215.jpg,person
065.jpg,person
160.jpg,person
118.jpg,person
566.jpg,person
163.jpg,person
233.jpg,person
063.jpg,person
437.jpg,person
501.jpg,person
426.jpg,person
068.jpg,person
001.jpg,person
236.jpg,person
403.jpg,person
287.jpg,person
059.jpg,person
006.jpg,person
193.jpg,person
475.jpg,person
592.jpg,person
334.jpg,person
339.jpg,person
440.jpg,person
149.jpg,person
214.jpg,person
031.jpg,person
005.jpg,person
409.jpg,person
202.jpg,person
313.jpg,person
047.jpg,person
077.jpg,person
521.jpg,person
513.jpg,person
382.jpg,person
188.jpg,person
121.jpg,person
123.jpg,person
263.jpg,person
451.jpg,person
120.jpg,person
222.jpg,person
243.jpg,person
051.jpg,person
043.jpg,person
474.jpg,person
044.jpg,person
141.jpg,person
390.jpg,person
583.jpg,person
332.jpg,person
582.jpg,person
112.jpg,person
071.jpg,person
414.jpg,person
568.jpg,person
455.jpg,person
525.jpg,person
199.jpg,person
109.jpg,person
100.jpg,person
310.jpg,person
326.jpg,person
062.jpg,person
570.jpg,person
502.jpg,person
246.jpg,person
139.jpg,person
478.jpg,person
425.jpg,person
022.jpg,person
344.jpg,person
060.jpg,person
228.jpg,person
099.jpg,person
367.jpg,person
217.jpg,person
225.jpg,person
427.jpg,person
185.jpg,person
465.jpg,person
515.jpg,person
136.jpg,person
586.jpg,person
015.jpg,person
349.jpg,person
235.jpg,person
576.jpg,person
408.jpg,person
207.jpg,person
491.jpg,person
412.jpg,person
209.jpg,person
497.jpg,person
014.jpg,person
452.jpg,person
145.jpg,person
271.jpg,person
040.jpg,person
573.jpg,person
172.jpg,person
342.jpg,person
133.jpg,person
165.jpg,person
303.jpg,person
295.jpg,person
088.jpg,person
128.jpg,person
498.jpg,person
302.jpg,person
154.jpg,person
559.jpg,person
472.jpg,person
232.jpg,person
179.jpg,person
356.jpg,person
421.jpg,person
119.jpg,person
283.jpg,person
135.jpg,person
593.jpg,person
320.jpg,person
237.jpg,person
537.jpg,person
545.jpg,person
596.jpg,person
391.jpg,person
489.jpg,person
255.jpg,person
294.jpg,person
509.jpg,person
338.jpg,person
460.jpg,person
052.jpg,person
223.jpg,person
526.jpg,person
250.jpg,person
413.jpg,person
262.jpg,person
406.jpg,person
529.jpg,person
517.jpg,person
389.jpg,person
494.jpg,person
591.jpg,person
318.jpg,person
531.jpg,person
476.jpg,person
194.jpg,person
457.jpg,person
092.jpg,person
057.jpg,person
